{
  "logP": {
    "mean": 2.473334479000001,
    "scale": 1.4180037753912047
  },
  "ic50": {
    "mean": 5.37146853966713,
    "scale": 1.2567230736532382
  },
  "QED": {
    "mean": 0.7320341620464935,
    "scale": 0.13795841305527157
  },
  "SA": {
    "mean": 3.045708769553619,
    "scale": 0.8283552119672595
  },
  "cycles": {
    "mean": 0.0498,
    "scale": 0.28621663124284025
  }
}