{
  "top_perc": [
    1,
    0.1,
    0.01,
    0.001,
    0.0001
  ],
  "ic50": [
    5.247966051,
    3.7077372439,
    2.29460291089,
    1.090469466814,
    -0.20597884334792
  ],
  "best": -1.0820103
}